Student_id,Student_name,Gender,Attendance_rate,Studyhours_per_week,Previous_grade,Extracurricular_activities,Parental_support,Final_grade,Study _hours,Online_classes_taken
1,John,Male,85,15,78,1,High,80,4.8,FALSE
2,Sarah,Female,90,20,85,2,Medium,87,2.2,TRUE
3,Alex,Male,78,10,65,0,Low,68,4.6,FALSE
4,Michael,Male,92,25,90,3,High,92,2.9,FALSE
5,Emma,Female,,18,82,2,Medium,85,4.1,TRUE
6,Olivia,Female,95,30,88,1,High,,2.8,FALSE
7,Daniel,Male,70,8,60,0,Low,62,4.5,FALSE
8,Sophia,Female,,17,77,1,Medium,78,1,TRUE
9,James,Male,82,12,70,2,Low,72,3.6,FALSE
10,Isabella,Female,91,22,86,3,High,88,2.9,TRUE
2824,Shannon Harrison,Male,88,25,90,0,,87,3.4,TRUE
7912,Peter Davila,Male,85,20,,3,Low,88,0.1,FALSE
4611,Katherine Gray,Female,91,18,78,0,Low,62,1.7,TRUE
6514,Megan Miller,Male,90,8,85,1,Medium,88,1.3,FALSE
,James Williams,Male,70,20,70,2,Low,88,4.4,TRUE
2139,Derrick Alexander,Male,,18,85,3,High,62,1.4,FALSE
,Courtney Clark,,95,25,82,2,Low,68,2.7,TRUE
8573,James Smith,Female,88,12,90,1,High,92,4.1,FALSE
5386,James Reynolds,Male,92,22,88,3,Low,78,2,FALSE
3340,Brittany Sutton,Female,78,25,70,2,Medium,88,2.1,FALSE
6930,Annette Medina,Male,78,12,77,2,High,87,0.8,FALSE
2040,James Duncan,Female,70,22,77,2,Medium,72,4.3,TRUE
9797,Donna Taylor,Female,95,20,82,,High,78,0,FALSE
9201,David Robertson,Male,82,20,82,,Low,,0.8,TRUE
9837,Susan Brown,Male,91,30,77,1,High,90,4.4,TRUE
1949,Jessica Ortega,Male,91,20,,1,High,72,3.8,FALSE
3705,Jeremy Hall,Female,,,60,3,Low,92,3.6,FALSE
8177,Peter Jones,Female,90,25,90,2,Medium,80,2.9,TRUE
1117,Michael Sampson,Male,85,25,,1,Medium,87,2.6,FALSE
4510,Daniel Erickson,Male,91,22,77,3,Medium,62,1,FALSE
6804,David Aguilar,Female,70,17,78,2,High,,3.6,
4139,Benjamin Vance,Male,82,17,65,0,High,85,2.3,FALSE
2604,Yolanda Chen,Male,82,15,85,3,High,,2.4,FALSE
1960,Kristina Douglas,,,15,60,2,Medium,85,2.1,FALSE
3536,Scott Davidson,Male,88,25,78,3,Low,72,0.3,
1821,Alexandra Harrington,Female,82,12,65,1,Low,87,4.3,TRUE
4853,Richard Johnson,Female,90,22,90,3,Low,80,3.1,FALSE
,Christopher Chapman,Male,95,25,82,0,High,85,2.3,TRUE
1152,Jerry Browning,Female,91,22,85,2,Low,92,2.5,FALSE
2127,Carrie Page,Male,95,18,65,1,Low,85,3.1,TRUE
5905,Michelle Benjamin,Male,78,18,85,2,Low,72,0.8,TRUE
6617,James Woods,Male,88,12,77,2,High,87,3.2,TRUE
1058,Angela Dunn,Female,78,18,65,1,Low,62,2.8,TRUE
3442,Nathan Riley,Male,95,22,70,0,Medium,68,0.2,TRUE
6862,Shelby Mahoney,Male,92,20,88,2,Medium,88,3.7,TRUE
3900,Andrea Frey,Female,85,10,88,0,Low,92,1.3,TRUE
7267,Justin Martin,Male,85,25,90,1,Medium,85,4.1,TRUE
1387,Mark Hartman,Male,70,30,82,2,Medium,90,3.2,FALSE
1452,Antonio Hansen,Male,88,10,86,2,High,87,3,FALSE
8149,Lynn Anderson,Male,70,22,90,2,High,62,0,TRUE
6967,Michael Cooley,Female,90,30,86,1,Low,87,3.6,FALSE
7691,Mitchell Sanders,Female,70,18,70,0,High,62,3.3,TRUE
5930,Maria Cross,Female,82,,82,,High,62,3.9,FALSE
8618,Lisa Castillo,Female,85,25,70,1,Low,68,3.3,FALSE
2530,Theresa Rodriguez,Male,88,25,90,0,High,80,1.2,TRUE
8461,Kimberly Wood,Female,91,25,60,1,Medium,92,0.7,TRUE
2746,Patricia Cox,Female,92,10,70,1,High,72,1.2,FALSE
3184,Kimberly Blair,Female,82,12,86,1,Medium,88,4.1,FALSE
9976,Jason Ramirez,Female,78,17,77,2,High,85,3.8,FALSE
4919,Gail Dudley,Female,85,20,82,3,Medium,90,1.6,TRUE
3267,John West,Male,92,8,65,3,High,62,2,FALSE
7812,Patricia Carr,Male,92,8,60,3,Low,80,4.3,FALSE
8814,David Nunez,Male,95,18,60,0,Low,72,4,FALSE
4595,Collin Peterson,Female,70,17,78,0,Medium,62,3.6,TRUE
9751,Rebecca Smith,Male,70,22,86,1,High,62,0.7,TRUE
1823,Lisa Benjamin,Female,70,30,90,1,Medium,90,3.8,FALSE
7906,Desiree Reyes,Female,90,17,78,2,High,90,1.1,TRUE
1508,Megan Diaz,Male,92,15,86,0,High,68,2.4,TRUE
8619,Joseph Adams,Female,95,10,86,3,Low,87,3.9,FALSE
2771,Sharon Watson,Male,88,22,60,0,Low,92,0.4,TRUE
2669,Tiffany Smith,Female,91,20,86,1,Medium,72,2.1,TRUE
9289,Alexander Preston,Female,85,8,77,2,Medium,90,3.2,TRUE
8135,Randall Hickman,Male,82,18,86,2,Medium,78,2.2,FALSE
6280,David Hernandez,Male,90,18,77,3,Medium,88,3.1,FALSE
1470,Michelle Jones,Female,95,10,77,3,Medium,85,-5,FALSE
1166,Tonya Gonzalez,Male,90,25,60,1,Low,92,3.5,FALSE
8342,Sarah Johnson,Male,90,18,90,0,Low,92,1.5,FALSE
8753,Grace Valencia,Female,70,12,88,1,Low,78,1.4,TRUE
2976,Sarah Young,Male,95,20,70,0,,92,3.7,FALSE
2647,Gerald Weber,Male,88,25,88,,Medium,80,3.5,FALSE
1745,Gregory Turner,Male,82,18,,1,High,80,2.9,FALSE
8216,Laura Cortez,Female,78,15,82,1,High,87,2,TRUE
3485,Lori Miller,Male,91,18,85,3,High,72,3.8,TRUE
9561,Lori Gomez PhD,Female,85,17,82,3,Medium,85,2.8,TRUE
4404,Dawn Foster,Male,88,20,65,,High,72,0.4,FALSE
8381,Peter Welch,Female,88,15,90,2,Low,,3.5,TRUE
4824,Maria Carter,Female,91,25,60,2,Low,92,3.2,TRUE
2169,Daniel Hood,Male,78,18,86,3,Medium,78,0.6,FALSE
7594,Amanda Hernandez,Female,82,12,77,1,High,88,0.2,FALSE
5102,Alyssa Schmidt,,90,25,86,3,High,85,2.9,TRUE
8708,Taylor Merritt DVM,Female,88,10,86,0,Low,78,4.8,FALSE
7690,Alyssa Smith,,95,20,65,1,Medium,78,1.4,TRUE
8451,Nathan Navarro,Male,95,18,88,2,Medium,72,4.1,FALSE
7770,Lisa Zimmerman,Male,92,12,88,3,Medium,78,3.8,FALSE
9998,Jeffrey Howard,Male,88,17,77,2,High,88,,TRUE
6091,Morgan Bell,Male,82,,85,,High,78,4.7,TRUE
9165,Angelica Steele,Female,82,18,60,1,Medium,92,2.3,FALSE
4122,Gregory Daniels,Male,90,18,60,1,Low,85,4.1,FALSE
9022,Eric Davis,Male,85,12,77,1,Medium,72,3.8,FALSE
,Natalie Kelley,Male,92,22,60,3,Medium,80,1.6,FALSE
7325,Ruth Davis,Male,85,15,65,2,Low,90,4.3,TRUE
9617,Emily Torres,,85,,60,0,High,78,3.9,FALSE
7512,Nancy Davis,,95,12,60,1,Low,78,4.4,TRUE
4846,Amanda Bowers,Female,92,20,60,,Low,87,2.2,FALSE
1474,Alison Lang,Male,95,15,82,1,Medium,62,0.7,FALSE
3950,Matthew Massey,Male,78,20,86,,Low,92,2.5,TRUE
4804,James Anderson,,88,17,82,1,Medium,85,3.4,TRUE
8237,Robert Howard,Female,91,18,60,2,Medium,85,1,FALSE
2747,Rebecca Brown,Male,70,22,88,3,Medium,85,0.1,FALSE
5497,Kimberly Harrison,Male,91,15,86,,Medium,92,3,TRUE
4115,Derek Parks,Female,78,20,78,2,Medium,80,2.9,TRUE
2476,Jennifer Baker,Female,95,8,65,3,High,72,4.4,FALSE
3695,Diana Schultz,Female,85,18,88,2,Medium,87,0.7,FALSE
6992,Mrs. Jill Long,Male,70,15,82,,High,78,1.8,FALSE
7242,Heather Johnson,Female,90,25,77,1,Low,72,1.6,TRUE
2035,Robert Lowery,Female,88,8,85,0,High,80,1.5,TRUE
2592,,Male,82,10,60,1,Medium,72,2.1,TRUE
7797,Angela Williams,,85,22,60,2,High,,1.1,
6942,Brent Burns,Male,95,12,88,1,Medium,85,0.9,FALSE
2501,Melissa Barber,Male,91,15,78,1,High,68,3.9,TRUE
4394,John Warner,Male,92,30,65,3,High,,4.3,TRUE
9850,Christopher Baxter,Female,78,,78,0,High,90,3.9,FALSE
1258,Courtney Haas,Male,88,15,65,0,Low,87,3.7,FALSE
6931,Sarah Ross,Male,85,12,90,3,High,72,1.5,TRUE
1996,Manuel Baker,Female,70,8,85,1,Low,,0.4,FALSE
3430,Jessica Lamb,Male,78,18,86,,Low,90,-5,FALSE
8433,Jaime Nguyen,Female,90,20,70,3,Medium,78,4.4,FALSE
,Tina Chavez,,70,20,88,0,Medium,85,1.9,FALSE
2099,Christina Thompson,Male,90,20,60,2,Low,90,4.1,TRUE
6400,Shari Harrell,Male,70,,60,1,Medium,88,1.6,TRUE
3535,Tracy Gibbs,Female,92,20,88,2,Medium,87,3.8,TRUE
8030,David Hoffman,Male,91,,78,0,Medium,85,4.6,TRUE
3972,Robert Davis,Male,91,8,85,0,Low,80,0.5,TRUE
7163,Patricia Greer,Female,85,30,,1,Medium,90,3.9,TRUE
1861,James Stewart,Male,78,22,78,2,Medium,78,3.3,FALSE
7785,Brent Mendoza,Female,92,12,85,1,Medium,87,1.4,FALSE
9633,Dawn Taylor,Female,85,25,60,3,High,80,1,TRUE
5186,Larry Brown,Female,95,20,78,1,Low,62,0.9,TRUE
9196,Miss Teresa Hernandez MD,Female,90,8,78,0,High,78,4.6,FALSE
7626,Edward Baker,Female,88,20,60,1,Medium,68,4,FALSE
6928,Diana Gould,Male,70,20,90,0,Low,62,2.6,FALSE
6562,Amy Rodriguez,Male,95,10,85,2,Low,,2.7,FALSE
6752,Paul Hull,Male,92,20,65,2,High,68,3,TRUE
3902,Allison Hamilton,Female,85,22,86,1,Low,88,3.2,FALSE
6179,John King,Male,85,20,77,1,Low,85,4,TRUE
6766,Tristan Avila,Male,88,17,77,,High,90,4.2,TRUE
9307,Connie Cooper,Female,85,22,70,1,Medium,88,3.3,FALSE
9214,Judith Santos,Male,85,17,85,,Low,87,2.5,TRUE
5059,Michaela Powell,Female,85,12,70,3,High,90,-5,FALSE
7697,Lawrence Roberts,Female,91,15,88,2,Medium,87,2.8,FALSE
5128,Nicholas Robinson DDS,Male,95,20,86,0,Medium,85,4.8,FALSE
3112,Jill Smith,Male,88,12,60,1,High,72,0.5,FALSE
9331,Michael Burns,Female,85,30,82,0,High,90,4.7,TRUE
4711,Adam Weaver,Male,78,20,82,2,Low,72,4.2,TRUE
6517,Melvin Mcgee,Male,91,8,65,0,High,88,4,FALSE
1715,William Banks,Female,95,25,77,3,Medium,78,1.2,FALSE
8684,Dawn Morton,Male,95,22,,1,Medium,,2.5,TRUE
4271,Frank Dawson,Male,,15,77,1,Low,87,3.6,TRUE
5670,Gregory Davila,Male,78,18,77,2,High,62,0.5,FALSE
6727,Rebekah Finley,Male,70,15,60,2,Medium,92,1.9,FALSE
4678,Robert Martinez,Male,95,20,88,0,High,80,1.4,TRUE
8685,Steven Crawford,Female,91,15,85,1,Medium,92,4.2,FALSE
2821,Leslie King,Female,92,,85,1,High,,3.2,FALSE
2029,George Cannon,Male,85,22,70,1,Low,72,2.9,TRUE
5772,Adam Carlson,Female,85,22,88,3,,62,0.9,TRUE
9576,Stephanie Lawrence,Female,90,12,70,2,Low,72,0.1,TRUE
7338,,Female,88,15,88,2,Medium,92,3.7,TRUE
6447,Adam Blackwell,Male,85,30,70,1,Low,68,4.2,FALSE
8840,Andrew Owens,Male,78,20,77,1,Medium,92,0.2,TRUE
6170,John Sexton,Female,82,8,70,1,Medium,80,3.8,FALSE
,Jasmine Williams,Male,95,18,85,1,Medium,62,3.7,FALSE
4060,Leon Nguyen,Female,85,30,70,2,High,62,0.4,TRUE
9937,John White,Female,95,20,85,1,Low,85,1.5,FALSE
3730,Justin Martinez,Female,95,17,78,1,Low,62,1.4,TRUE
2229,Nathaniel Kemp,Female,,12,65,1,High,88,3.4,TRUE
3068,Jacob Murray,Male,92,30,88,0,Low,80,3,FALSE
7077,Anthony Green,Female,85,20,86,0,Low,90,2,FALSE
5089,Trevor Freeman,Male,85,,77,2,Medium,72,,FALSE
8311,Michael Smith,Male,91,18,77,3,High,68,4.3,TRUE
8292,William Hogan,Male,95,30,85,2,Low,85,4.5,TRUE
6922,,Male,90,25,65,3,Medium,80,1.8,FALSE
8657,,Male,91,20,85,2,Medium,78,2.6,FALSE
2208,Joshua Juarez,Male,95,20,77,1,,72,1.7,TRUE
3114,Keith Wu,Female,82,15,85,2,High,85,0.8,TRUE
6669,Ryan Williams,Female,90,18,90,,,68,3.1,
9234,Ronald Stewart,Male,91,22,65,0,Low,88,3.6,FALSE
1674,Ronald Schmidt,Male,90,15,86,2,Low,92,3.8,TRUE
9159,Courtney Bradley,Female,88,17,90,0,Medium,78,0.4,TRUE
8202,Deanna Gonzalez,Female,85,17,90,1,Low,68,1.6,FALSE
6658,Darrell Adams,Female,78,30,70,2,High,90,1.2,FALSE
8366,Michael Mata,Male,78,20,78,2,Medium,88,2.1,
6123,Anthony Dunn,Male,78,17,,1,Medium,85,2.5,FALSE
,Jonathan Hodges,Female,92,25,86,1,High,80,1.4,FALSE
5681,Jill Williams,Male,90,8,65,2,Low,90,3.8,TRUE
7563,Julia Russell,Male,91,12,90,1,Low,85,0.4,FALSE
,Shirley Jackson,Male,78,20,60,1,Medium,72,4.7,TRUE
4261,Tonya Thompson,Female,82,15,78,1,High,90,4,FALSE
3440,Brandon Williamson,Male,95,,88,0,Medium,,,FALSE
9311,Joseph Davis,Female,91,18,,1,Medium,90,3.4,FALSE
1436,Elizabeth Andersen,Female,88,22,86,3,Low,80,2.9,FALSE
3421,Jeffrey Meyers,,85,22,85,3,High,78,1.6,FALSE
4340,Christopher Jones,Female,82,22,77,1,Low,68,2.6,FALSE
8837,Aimee Rogers,Female,95,10,77,2,Medium,72,,FALSE
8932,Alexis Bates,Male,92,18,70,2,High,85,3.9,TRUE
9011,Michael Evans,Female,85,30,70,2,Medium,87,,FALSE
7464,Omar Gonzalez,Female,78,18,78,2,Low,87,1.7,FALSE
8849,Melissa Perry,Male,92,12,82,2,Low,85,0.7,TRUE
4972,Dawn Torres,Male,82,25,90,1,High,62,1.7,TRUE
3252,Timothy Dean,Male,82,,60,1,Medium,92,3.8,FALSE
5676,Anna Rollins MD,Male,90,22,90,2,Low,80,4.6,FALSE
3880,Timothy Barrera,Male,70,17,65,2,High,80,1.5,TRUE
6489,Susan Morris,Female,85,12,70,1,High,72,2.3,TRUE
6417,Gordon Merritt,Male,85,18,65,,Low,90,4,TRUE
3875,Kristy Rhodes,Female,70,12,88,2,Medium,87,0.9,FALSE
,Kristi Cross,Male,85,18,60,3,Medium,85,4.8,TRUE
5285,Ms. Marissa Ramirez,Female,92,15,85,1,,68,2,FALSE
2923,Paul Hickman,,95,22,90,3,High,78,0.8,FALSE
7813,Mrs. Kathy Woodward,Female,82,25,90,3,High,72,2.2,FALSE
2279,Alexis Horn,Male,85,12,70,3,Low,72,0.7,FALSE
2904,Shannon Harris DDS,Male,91,17,85,2,Medium,80,2.3,FALSE
8484,Alicia Ortiz,Male,82,17,82,1,Medium,85,-5,TRUE
,Steven Wood,Male,70,30,85,2,High,,4.9,TRUE
5703,Alexis Walton,Female,78,10,60,1,Medium,,4.3,FALSE
,Martin Mcknight,Male,95,20,65,2,Medium,72,0.6,TRUE
1372,Gina Palmer,Female,85,12,60,2,Medium,92,1.2,TRUE
5516,Jean Moreno,Male,90,15,60,3,High,,1,TRUE
8314,David Anderson,Male,92,15,60,1,High,72,1.1,TRUE
3295,Brian Huffman,Female,92,22,,3,Low,90,1.2,TRUE
7775,Jose Liu,,88,15,70,3,Low,68,3.1,FALSE
1768,Cathy Pratt,Female,,12,88,0,Medium,68,1.5,FALSE
4948,Kathy Sandoval,Male,88,10,77,1,Low,62,4.8,TRUE
7363,Michael Webb,Male,88,25,88,2,Medium,90,0.5,TRUE
1844,Ronnie Taylor,Female,70,22,86,1,High,92,4,TRUE
8854,Matthew Miller,Male,95,18,78,3,High,87,3.7,FALSE
4974,Shelly Hurley,Male,70,25,70,1,Medium,62,2.3,FALSE
6053,Mr. Martin Dominguez MD,Female,95,12,77,1,High,78,3.8,TRUE
7073,Jennifer Wiggins,Female,70,,86,3,Low,68,0.1,FALSE
5836,Anthony Smith,Male,92,30,90,0,Low,92,2.5,FALSE
5216,John Lopez,Female,85,17,65,1,High,68,3.6,TRUE
9882,Nathan Rodgers,Male,82,15,85,1,High,62,0.7,TRUE
2113,Martin Walker,Male,85,25,70,1,Medium,80,3.1,FALSE
8993,Jesus Wood,Male,85,12,70,0,High,80,2.6,FALSE
1280,Kelly Bell,Female,78,20,85,2,High,92,1,FALSE
6807,Kathryn Randall,Female,70,20,88,0,Medium,88,1.2,TRUE
5914,Sarah Norris,Male,85,20,60,0,Medium,72,2.4,TRUE
3807,Matthew Adams,Male,85,8,,3,High,72,4.6,TRUE
8790,William Wade,Female,85,20,82,2,Low,80,0.9,TRUE
4394,Brian Castro,Male,,,82,0,Low,92,2.8,FALSE
7288,Teresa Sanders,Male,90,12,88,1,High,62,1.2,FALSE
7499,Richard Oneal,Female,85,18,77,1,High,90,2.8,FALSE
4043,Christine Cooper,Female,90,22,82,3,Low,87,0.4,FALSE
3527,Michael Foster,Female,95,30,,2,High,85,-5,FALSE
2674,Loretta Gonzalez,Male,90,10,60,1,Low,72,2.6,TRUE
2468,Douglas Ingram,Female,82,20,86,3,Medium,62,0.1,FALSE
2387,Randy Anderson,Male,91,12,65,0,High,68,1.3,FALSE
3390,Donna Shaw,Male,78,8,82,0,Medium,78,3.9,FALSE
5040,Joseph Holt,Female,91,22,90,1,High,68,,FALSE
7224,Taylor Acosta,Female,85,30,60,3,High,85,1.6,TRUE
8848,Danielle Scott,Female,78,8,88,2,Low,78,4.8,TRUE
6339,Melissa Aguirre,Female,88,8,88,2,Low,92,3,
1440,Cassandra Snyder,Female,92,17,82,2,Medium,,0.7,TRUE
5139,Kimberly Lambert,Male,70,8,85,1,Low,78,2.9,FALSE
9907,Rebecca Mendoza DDS,Male,95,12,86,2,High,92,3.3,TRUE
1725,Michael Anderson,Female,95,8,85,1,High,85,1.1,TRUE
8303,Hannah Gentry,Female,70,17,86,2,High,90,5,TRUE
5840,Patrick Reed,Female,90,20,65,1,Medium,90,2.3,FALSE
6706,Tiffany Huff,Female,90,,77,,High,85,0.2,TRUE
1370,Thomas Lee,Female,90,10,90,2,High,72,0.8,FALSE
8570,Justin Clark,Male,70,10,65,,Medium,80,3.7,FALSE
8037,Michael Martinez,Female,85,25,90,2,Low,87,2.9,TRUE
6993,Vincent Smith,Female,,17,85,2,Low,78,2.6,FALSE
7367,Sean Hull,Female,91,20,88,1,Medium,88,0.9,FALSE
2388,Sarah Welch,Male,95,20,90,2,High,68,1.9,FALSE
7852,Mr. Stephen Gilmore,Male,91,8,60,0,Medium,72,3.5,TRUE
3733,Barry Parker,Female,,10,65,1,Medium,88,,TRUE
8939,Joshua Kane,Male,92,8,70,2,Low,78,2,FALSE
8272,Anthony Wright,Female,78,20,86,1,High,85,0.2,FALSE
3755,Nathaniel Lopez,Female,91,17,70,2,High,88,0.6,FALSE
9880,Darlene Fletcher,Male,85,12,90,0,High,92,1.5,FALSE
5305,Christopher Moore,Female,90,17,85,3,High,88,3.4,FALSE
3719,Benjamin White,Male,92,25,78,3,Medium,72,,TRUE
6302,Jenny Coleman,Female,88,22,82,,Low,87,0.7,FALSE
1971,Michael Gomez,Female,78,10,90,0,Low,90,4.1,FALSE
9019,Caleb Serrano,Male,91,18,60,0,Medium,87,3.2,TRUE
7600,William Carlson,Female,95,17,77,1,Low,80,4.3,TRUE
8511,Timothy Pruitt,Female,90,12,60,3,Medium,92,2.5,FALSE
6533,Mario Johnston,Male,91,17,88,1,High,87,3.1,TRUE
3035,Rebecca Kim,Male,85,17,78,0,High,68,4.4,TRUE
5489,Joyce Williams,Male,95,18,85,1,Low,68,0.3,FALSE
4836,Cynthia Sloan,Female,90,20,78,,Medium,87,0.7,FALSE
1152,,Male,,20,60,0,Medium,87,1.1,TRUE
2690,,Female,95,18,65,0,High,68,0.3,TRUE
3688,Patricia Williams,Female,95,25,65,0,Low,78,4.3,TRUE
3293,Michael Payne,Male,91,8,88,0,Medium,68,1.2,TRUE
5065,Brooke Friedman,Female,85,18,90,2,Low,72,0.9,FALSE
1894,Daniel Mathis,Male,85,8,85,3,Medium,88,0.4,FALSE
6185,Lynn Jennings,,70,22,60,1,Low,68,3.8,TRUE
1273,Kimberly Randolph,Male,85,18,90,1,High,62,2.5,FALSE
7939,Jack Simmons,Female,90,12,70,3,High,85,0.4,TRUE
3545,Daniel Mendez,Female,70,22,85,2,Low,62,3.6,TRUE
5005,Travis Lawson,Male,70,20,77,3,Low,80,1.5,
2956,Jason Horne DDS,Male,78,15,65,1,Medium,72,,FALSE
3735,Shawn Galloway,Female,78,18,85,1,Medium,62,1.4,FALSE
2262,Thomas Barnes,Female,85,12,88,1,Medium,88,0.8,FALSE
2685,Elizabeth Curry,Male,92,12,,1,High,92,0.2,FALSE
3458,Nicole Cunningham,Male,85,12,60,3,,92,2.1,FALSE
5444,Patrick Thompson,Male,91,30,85,2,Low,80,0.9,TRUE
7568,Marissa Stewart,Male,85,18,82,1,High,72,2.3,TRUE
5777,Melissa Wilson,Female,91,25,77,1,Low,78,5,TRUE
,Jaime Glenn,Male,78,15,60,1,High,72,1.7,TRUE
6488,Mark Castillo,Male,70,18,85,3,Low,92,2.1,TRUE
5584,Mr. Kent Stanton,Male,85,25,70,0,Low,90,2.3,TRUE
2565,Tyrone Phillips,Male,70,20,86,3,High,62,3.3,TRUE
5778,Christopher Collins,Female,95,8,88,1,Medium,85,1.2,TRUE
,David Rowe,Male,,10,77,1,Medium,62,0.6,TRUE
8404,Christopher Mccullough,Female,85,18,85,2,High,85,4.1,TRUE
4522,Carla Rodriguez,Female,78,20,90,1,Medium,72,0.2,FALSE
3848,Makayla Howard,Male,70,17,70,2,High,87,2.3,TRUE
2989,Barbara White,Male,85,25,65,3,Medium,90,3.4,TRUE
5240,Sarah Davis,Male,85,20,90,1,High,87,4.5,TRUE
1699,Cody Donovan,Female,85,10,86,0,Low,62,2.5,FALSE
3831,Jessica Jenkins,Female,92,10,82,2,,68,-5,TRUE
5835,Benjamin Alexander,Female,70,12,77,1,High,85,1.9,TRUE
9614,Isaac Lopez,Male,82,15,60,1,Medium,72,3.9,FALSE
7363,Ariana Morse,Female,78,15,88,3,High,80,4.5,FALSE
1959,Brian Avery,Female,,,86,3,High,87,1.2,FALSE
9743,Amy Lawson,Male,92,22,60,1,High,68,1.2,FALSE
1462,Derek Choi,Female,91,22,65,3,High,78,2.7,FALSE
1621,Paul Reese,Male,85,25,86,3,High,72,2.4,TRUE
3137,Francisco Chang,Female,78,30,78,1,High,88,3.5,TRUE
9622,Christian Knight,Female,90,,60,3,High,90,1.5,
8157,Andrew Wilkerson,Female,95,10,70,3,Medium,92,3.3,FALSE
6026,Brandon Alvarez,Female,78,10,78,3,Medium,88,0.2,FALSE
4619,Gary Young,Male,85,10,88,2,High,90,4.9,TRUE
6500,Jessica Wright,Female,85,18,90,3,Low,87,1.8,TRUE
1020,Timothy Clements,Male,70,17,60,0,Medium,,4.4,FALSE
2661,Alexander Gordon DDS,Female,91,25,65,1,High,80,1.5,FALSE
2715,James Martinez,Male,95,10,60,0,Low,87,2.7,FALSE
8909,Francisco Williams,Male,70,10,86,0,High,80,0.5,TRUE
7705,Jordan Brooks,Female,88,18,90,2,High,62,2.9,TRUE
1893,Kurt Boyd,Female,85,8,85,2,Low,88,2.4,TRUE
4390,Bryan Salazar,Male,88,20,77,2,Medium,62,2.4,FALSE
2493,Mrs. Heather Roy,Female,78,30,60,1,High,78,0.2,FALSE
5315,,Male,,22,78,0,Low,87,0.4,FALSE
4727,Kathleen Newton,Male,70,12,60,2,Low,78,2.9,FALSE
5896,Julian Fox,Male,70,15,70,3,Low,88,3.4,TRUE
2970,Kylie Hancock,Female,78,10,90,3,High,80,2.1,FALSE
4308,Matthew Werner,Male,91,18,88,2,High,62,2.8,FALSE
5525,Kelsey Bush,Female,85,22,86,2,Medium,87,2.1,TRUE
2730,Brandon Dickerson,Male,88,12,88,0,Medium,62,3.3,FALSE
1613,Jamie Allen,Male,88,8,65,3,Low,62,0.2,TRUE
1807,Taylor Smith,Female,88,30,78,1,Medium,,1.4,TRUE
4734,Elizabeth Chavez,Male,88,17,88,2,Low,62,3,TRUE
8237,Melissa Morris,Male,70,17,70,1,High,72,4,FALSE
9303,Donna Hardin,Female,78,12,86,1,High,92,4.4,TRUE
5087,Andrew Cook,Male,85,15,88,3,Medium,,4.1,FALSE
,Dr. Richard Wallace,Male,92,30,77,3,Medium,68,,FALSE
6640,Samuel Shaw,Male,88,20,82,1,Medium,80,0.8,TRUE
4626,Mike Waters,Male,92,18,60,2,High,80,2.4,TRUE
1138,Andrea Newman,,88,22,82,2,Medium,62,4.3,FALSE
4575,,Female,88,12,86,0,Low,87,0,
5631,Barry Jenkins,Female,90,17,85,1,Medium,90,4.3,FALSE
4086,Laurie Johnson,Male,82,25,78,3,Medium,90,3.4,TRUE
9148,John Coleman,Female,88,8,60,0,Low,80,2.9,TRUE
6622,John Carter,Male,82,17,88,2,Medium,68,4.2,TRUE
5813,Mr. Devon Garrett,Male,85,10,82,2,High,90,3.3,FALSE
4659,Jill Kelly,Female,70,30,,2,Low,85,-5,FALSE
1879,Richard Gonzalez,Male,85,25,70,2,Low,62,2.6,TRUE
3470,Alex White,Male,92,30,60,3,Medium,68,1.6,TRUE
2324,Michael Gonzales,Female,95,10,88,1,High,78,1.4,TRUE
3595,John Williams,Female,90,10,86,,Low,62,2,FALSE
1076,Daniel Herrera,Male,82,25,88,1,Medium,72,1,TRUE
,Jessica Richardson,Male,95,18,65,2,Medium,72,2.9,TRUE
1749,Ian Glass,Female,88,17,70,3,Low,,2.2,TRUE
6615,Heidi Simmons,Female,95,25,65,0,High,92,1.1,TRUE
1359,Andrea Fuller,Male,90,30,78,0,Low,85,3.9,TRUE
1785,David Dunlap,Male,85,15,85,0,Medium,62,0.6,FALSE
3508,Antonio Mitchell,Male,85,18,60,2,Low,72,1.3,TRUE
7862,Mariah Cole,Male,82,22,85,2,High,87,2.5,TRUE
,Rhonda Ramos,Male,95,8,82,0,High,72,2.5,FALSE
6416,Raymond Murillo,Male,85,15,85,2,Low,78,-5,TRUE
2659,Andrea Bradley,Female,92,17,82,2,Medium,80,0.5,TRUE
5760,,Female,95,8,85,2,High,80,4.3,TRUE
6384,Tina Velazquez,Female,,22,82,2,Medium,90,0.9,FALSE
8479,Bonnie Callahan,Female,70,17,60,0,,68,3.5,TRUE
2699,Eric Scott,Female,91,17,86,1,High,88,1.9,TRUE
,Maria Leblanc,Female,85,20,60,1,High,87,1.3,TRUE
9598,Michael Valenzuela,Male,95,12,70,,High,62,3.3,FALSE
6664,Robin Spears,Female,78,12,86,1,High,68,2.5,FALSE
3709,David Owens,Male,85,30,90,1,Medium,80,2.5,FALSE
7607,,,90,17,77,3,Medium,87,4.3,FALSE
2944,Elizabeth Clark,Female,85,20,,0,High,72,2.7,FALSE
9328,Beverly Fisher,Male,85,30,88,1,High,78,1.7,FALSE
6952,Sarah Bailey,Female,90,20,90,1,Medium,90,4.1,FALSE
2741,Kendra Ramirez,Male,78,17,65,0,High,85,3.1,TRUE
7437,Diane Ross,Male,85,25,88,2,Medium,80,4.6,TRUE
8381,Stephanie Mcfarland,Female,91,12,65,1,High,72,3.7,FALSE
8912,Michelle Woods,Male,91,10,65,2,Medium,88,3,FALSE
7859,David Ruiz,Male,88,8,88,2,Medium,68,0.7,FALSE
9975,Jason Castro,Female,82,,90,3,Low,85,3.4,TRUE
3913,Kathleen Montgomery,Female,90,,70,,Low,88,4.7,FALSE
9747,James Bennett,Female,70,,70,2,High,62,0.7,TRUE
4275,Kelsey Watkins,Female,78,,82,0,High,85,1,TRUE
6876,David Park,Female,90,22,70,3,Low,72,1.9,FALSE
1769,Christopher Poole,Female,70,8,88,2,High,80,3.7,FALSE
4695,Rebecca Baxter,Female,,12,86,3,Low,92,1.5,TRUE
4063,Virginia Daniel,Male,82,20,60,1,Medium,85,2.8,TRUE
5178,Melissa Gordon,Male,95,17,65,1,High,90,3,
9037,Brett Barrett,Female,90,30,70,3,High,72,0.3,TRUE
7814,Brandon Townsend,Female,90,30,90,3,Low,90,,TRUE
9691,Haley Robertson,Female,82,15,85,1,Medium,92,4.5,TRUE
1653,Michelle Gonzalez,Female,70,20,60,2,Low,85,0.1,FALSE
9426,Gary Holland,Female,85,,82,3,Medium,72,0.4,TRUE
9814,Felicia Howard,Male,90,25,90,0,High,92,2.7,FALSE
2181,Sean Walker,Male,85,17,88,1,High,87,0.3,FALSE
2154,Brianna Mills,Male,88,8,60,1,Low,62,2.2,FALSE
2938,Michael Case,Male,91,20,86,1,Low,87,1.8,TRUE
5748,Felicia Houston,Female,91,20,82,1,Medium,62,4.1,FALSE
3561,Kevin Wilson,Male,78,8,70,2,Low,68,1.5,FALSE
1182,Mary Vaughn,Male,90,15,78,3,Low,62,2.7,
4441,,Female,92,8,70,0,High,68,1.1,TRUE
2877,Maurice Martinez,,91,15,70,1,Low,72,0.4,TRUE
5107,Jonathon Perry,,92,22,77,1,Medium,68,3.4,TRUE
5671,,Male,92,30,77,,Medium,88,3.3,TRUE
6971,Rebecca Evans,Female,,10,78,1,High,92,3.6,FALSE
5533,Paul Williams,Female,78,30,77,1,Medium,90,3.9,TRUE
3879,Tyler Boyer,Male,88,10,70,3,Medium,87,3.6,TRUE
7637,Kristy Nichols,Male,85,12,82,2,Low,78,3.3,FALSE
7430,Darren Martin,Male,91,18,65,1,Low,72,0.5,TRUE
4913,Katelyn Morgan,Male,82,10,77,0,,88,4.7,TRUE
,Dennis Elliott,,85,25,77,3,High,85,1.8,TRUE
9485,Jesus Henson,Female,70,17,77,1,High,90,0.5,FALSE
5314,Robin Stewart,Male,70,8,88,3,Low,87,2.6,TRUE
9460,Lawrence Miller,Female,95,30,77,1,Low,80,2.5,FALSE
3713,Ronnie White,Male,90,12,82,3,High,68,0.8,TRUE
4773,John Fox,Female,95,20,77,1,Medium,92,3,FALSE
1367,,Male,85,10,86,3,High,68,3.1,TRUE
1916,Daniel Scott,Male,88,10,70,0,Low,88,3.2,FALSE
2404,,Male,85,22,77,1,High,92,4.2,TRUE
3979,Jonathan Mann,Female,78,,77,3,Low,87,1.1,
2778,Bethany Andersen,Male,92,,70,0,High,88,0.5,TRUE
9706,Tiffany Moore,Male,90,17,65,3,Low,80,4.5,FALSE
9553,Sylvia Chavez,Female,95,15,70,0,High,78,3.9,FALSE
2600,Gerald Reilly,Female,78,18,77,3,High,85,3,FALSE
5223,Ashlee Wilcox,Male,85,15,86,2,High,72,0,TRUE
6175,Lance Johnson,Female,95,20,65,0,Low,88,1.3,FALSE
6990,,Female,70,25,60,2,Low,78,,FALSE
5157,,Female,91,,60,0,Low,87,3.7,TRUE
2642,Patrick Gonzalez MD,Male,82,8,88,2,Low,80,0.8,TRUE
2492,Cole Gomez,Male,85,22,60,2,High,85,1.1,TRUE
7296,Alejandro Gutierrez,Female,91,12,82,3,High,68,3.2,TRUE
4304,Natalie Long,Female,92,15,86,2,Low,92,3.1,TRUE
6893,Abigail Ingram,Male,85,10,85,2,Medium,90,3.3,TRUE
9482,Eileen Lee,Male,90,20,70,2,Low,72,4.6,FALSE
5530,Nancy Moore,,91,25,77,0,Low,80,1.3,TRUE
2185,Melanie Wilson,Female,95,20,70,2,Low,88,1.3,FALSE
8923,Gloria Henderson,Male,95,17,77,3,High,78,0.6,FALSE
4610,Christopher Payne,Male,95,8,88,2,Low,80,3.5,TRUE
5706,John Franklin,Male,70,30,85,2,High,78,1.6,FALSE
3994,Angel Stout,Male,85,25,90,3,Medium,92,1.1,FALSE
,James Watkins,Male,90,20,77,3,High,72,4.8,FALSE
6167,Candace Kelly,Female,91,18,77,0,,85,2,TRUE
1887,Zachary Daniel,Female,85,12,78,2,Medium,62,4.3,TRUE
8490,Angel Howard,Male,82,17,88,1,High,92,1.9,FALSE
6924,Heather Hill,Female,78,12,,3,Medium,78,4.8,FALSE
4013,Heather Gamble,,70,25,60,1,Medium,62,1.4,TRUE
4744,Sean Levine,Male,88,25,70,0,Medium,92,0.7,TRUE
8749,Brian Diaz,Male,78,8,77,0,Low,72,2.7,FALSE
5915,Catherine Koch,Female,82,22,78,0,High,68,0.3,FALSE
2577,,Female,95,18,88,1,Low,72,4.7,FALSE
1324,Anne Martin,Female,90,30,86,,Low,88,3.2,TRUE
5663,Mary Warren,Female,95,12,77,1,High,62,3.1,TRUE
3745,Amanda Bryant,Female,70,22,86,0,High,87,0.8,FALSE
6191,Joel Ford,Female,88,22,60,2,Medium,90,3.7,FALSE
7782,Mark Miller,Male,78,15,65,3,Low,85,4.7,TRUE
4450,Sarah Russell,,70,20,85,2,Medium,72,0.3,FALSE
9584,Lisa Mitchell,Male,90,18,86,0,High,62,1.5,FALSE
8260,William White,Male,78,12,65,1,High,90,4.3,FALSE
8654,Jacqueline Garcia,Female,82,17,65,2,High,88,,FALSE
9576,Elizabeth Wright,Female,95,17,70,3,High,78,1.5,FALSE
3551,Pamela Woods,,85,15,70,0,Medium,85,2.3,FALSE
8816,Sydney Patterson,Female,85,8,82,3,High,80,2.7,FALSE
8161,Lisa Johnson,Female,92,10,60,0,High,85,0.4,TRUE
9464,Todd Jackson,Female,88,12,82,0,High,87,0.9,TRUE
8460,Shelby Richards,Female,88,22,77,3,Medium,80,0.8,TRUE
4046,Joseph Roberts,Male,88,18,65,1,Low,80,1.2,TRUE
9086,Samantha Burton,Male,95,8,82,1,Medium,78,3.5,FALSE
2314,Cynthia Mcdonald,Male,85,18,60,2,Low,78,0.9,FALSE
1206,Kimberly Petty,Male,92,8,77,3,Low,80,1,TRUE
9538,Joshua Carpenter,Male,85,8,82,1,High,80,3.7,TRUE
5150,Jessica Fuller,Female,88,25,88,1,Low,92,4.9,FALSE
6316,Andrea Barber,Male,78,18,86,2,Medium,92,0,FALSE
3539,Brian Lyons,Female,90,25,65,1,High,88,1.7,TRUE
1979,Tammy Fuentes,Female,78,12,85,0,Medium,92,,FALSE
8187,Robert Taylor,Male,85,8,88,0,Medium,80,2.4,FALSE
9892,David Gonzalez,Female,92,22,65,2,Medium,,3.7,TRUE
2128,Steven Myers,Male,85,18,82,2,Medium,78,0,FALSE
4039,Cassandra Perez,Male,91,30,86,3,Medium,87,3.3,FALSE
4110,Jacqueline Eaton,Female,82,10,86,2,,62,3.2,TRUE
9572,Carrie Mccoy,Male,85,10,65,1,High,87,2.4,TRUE
7366,Amy Fisher,Female,82,22,86,2,High,90,1.1,TRUE
1214,Stephanie Reid,Male,85,20,77,1,Medium,72,3.7,FALSE
1955,Reginald Hoover,Female,82,15,85,,High,92,4.8,TRUE
4784,Christina Russo,Female,92,25,70,3,Low,68,2.8,FALSE
2728,Raymond Howell,Female,85,8,85,0,High,72,2,TRUE
9747,Angela Perez,Female,95,30,70,1,Medium,62,3.8,FALSE
4943,Charles Aguilar,Male,70,12,82,,Medium,78,4.8,TRUE
5660,Caitlyn Green,Male,82,10,82,1,Medium,92,,TRUE
5521,Ronald Davis,,90,15,77,1,High,68,1.3,TRUE
4817,Melissa Lucas,Female,88,20,86,0,Low,92,3.7,FALSE
8905,Heidi Leonard,Male,85,22,85,3,Low,85,0.2,FALSE
,Samantha Patton,Male,95,30,60,0,High,92,3.7,TRUE
7266,Richard Swanson,Male,88,12,78,1,Low,88,0.7,TRUE
3509,Lauren Simpson,Male,70,17,86,3,Low,87,1.1,FALSE
,Kimberly Raymond,Male,95,20,77,3,Low,80,2.7,TRUE
7529,Marissa Raymond,,78,10,77,2,High,78,2,TRUE
9589,Joyce Bishop,Male,92,,82,0,Medium,88,0.4,FALSE
7939,Michael Kelly,Female,95,25,88,1,Low,80,3.8,FALSE
8245,Peggy Hill,Male,85,15,90,3,Low,90,0.8,TRUE
2841,Derrick Love,Male,,22,65,2,High,90,3.5,FALSE
8373,Laura Stevens,Female,85,30,90,2,High,92,2.7,FALSE
9991,Terri Potter,Female,91,10,78,0,Low,72,0.2,TRUE
5653,Veronica Saunders,Male,91,18,78,1,Low,80,0.3,FALSE
6901,Emily Townsend,Male,85,18,60,3,Medium,72,4.9,
8940,James Long,Male,78,25,70,1,Low,,,FALSE
6465,Jennifer Dickson,Female,70,10,78,1,Low,90,1.8,TRUE
9212,Alexa West,Female,85,18,60,1,Low,85,1.1,FALSE
3248,Phillip Donovan,Male,70,12,86,3,Medium,92,2.9,FALSE
6395,Monique King,Female,82,10,90,0,Low,72,3.4,TRUE
6062,Karl Murray,Male,70,,86,0,Medium,87,2.8,TRUE
4016,Julia Brooks,Female,78,15,88,0,Medium,,2.2,FALSE
3489,Lauren Montgomery,Male,,10,65,1,Low,88,1.3,TRUE
4804,Nathan Wall,Male,85,30,85,1,High,72,4.2,FALSE
4014,Kristin Macias,Female,85,17,65,0,High,92,0.2,TRUE
5421,Samuel Smith,Female,92,25,90,2,High,,4.3,FALSE
8496,,Male,70,8,78,3,Low,62,3.6,TRUE
9530,Bradley Stevens,Male,85,17,78,3,Low,72,2,TRUE
7347,Morgan Hampton,Male,92,18,77,0,Medium,85,2.3,FALSE
1893,Lori Carrillo,Male,85,17,85,2,High,68,3.9,TRUE
7440,Samantha Novak,Female,95,17,78,0,Medium,88,4.5,FALSE
2477,Audrey Robinson,Female,95,10,85,2,High,78,3.2,FALSE
9383,Lindsey Kerr,Male,70,12,60,1,High,90,2.8,TRUE
3656,Cynthia Nguyen,Male,78,15,60,2,Medium,78,1.4,TRUE
3155,Ryan Hood,Male,85,22,82,1,Medium,78,4.3,
9084,Matthew Stevenson,Male,92,22,77,1,Medium,78,0.4,TRUE
5009,Rhonda White,Female,91,12,90,1,High,68,0.3,TRUE
3381,Larry Ramsey,Male,91,22,82,1,High,80,0.5,TRUE
5659,Kimberly Anderson,Male,85,22,88,1,High,85,1.6,TRUE
8001,Brian Miles,Male,88,17,,2,Low,,1.6,TRUE
4425,Kelly Baker,Male,90,22,70,2,Medium,88,4.7,FALSE
7996,Wendy Miller,Female,88,12,86,3,Medium,68,3.1,FALSE
9069,Michael Webster,Male,91,25,82,3,High,87,0.1,TRUE
4396,Michelle Ryan,Female,70,15,88,1,Low,92,0.1,FALSE
5168,Justin Jennings,Male,88,18,70,2,Medium,80,0.6,FALSE
7488,Norma Ward,Male,78,25,88,1,Low,78,4.6,TRUE
8888,,Male,85,12,88,1,Medium,80,4.2,FALSE
9779,Vincent Johnson,Male,92,22,,1,High,68,1.4,FALSE
7147,David Stone,,91,22,60,0,Low,87,4.3,FALSE
6152,Amy Evans,Male,88,8,85,1,High,90,2.3,TRUE
,Caleb Walker,Female,78,20,88,1,High,,2.2,FALSE
9192,Stephen Ramirez,Male,92,30,77,2,Medium,90,0.7,TRUE
4361,Nicholas Baxter,Male,85,8,70,2,High,85,4.7,TRUE
6460,Raymond Smith,Female,85,20,70,2,High,88,3.8,TRUE
6257,Roy Johnson,Male,92,18,82,2,Medium,78,3.4,TRUE
3580,Ryan Vasquez,,90,15,86,2,Low,87,,FALSE
5440,Justin Johnson,Male,88,22,90,0,High,85,3.1,FALSE
1831,,Male,85,,78,2,Medium,80,0.4,TRUE
8304,Kaylee Benjamin,Female,88,30,90,2,High,78,2.8,FALSE
2593,Charles Murphy,Female,88,17,77,3,High,68,4.3,FALSE
6954,Grant Henderson,Female,78,,88,1,Medium,80,0.3,FALSE
8842,Michael Woods,Female,78,18,88,3,Low,68,2.5,TRUE
6339,Michael Kane,Male,88,12,77,0,Low,62,1.2,TRUE
8903,Susan Benson,Female,90,30,90,3,Medium,62,2.8,TRUE
3835,Timothy Armstrong,Male,91,17,85,3,Low,78,1.6,FALSE
3886,Cindy Harvey,Female,70,20,86,2,Low,88,3.9,FALSE
9098,Caitlin Carter,Male,90,25,65,3,Low,80,3.8,TRUE
8421,Ricky Johnson,Female,70,22,86,1,High,92,3.4,FALSE
5989,Bryan Hoover,Female,95,20,86,1,Low,72,2,FALSE
2022,Elijah Wagner,Female,82,15,78,2,Medium,87,4.3,TRUE
8073,Felicia Davis,Female,95,8,60,0,Medium,72,1.1,FALSE
3278,Jonathan Hess,Male,82,8,88,0,,85,5,TRUE
3200,Michael Yoder,Male,90,15,65,1,Low,62,4.9,TRUE
3248,Samantha York,Female,85,22,60,3,High,78,2.5,FALSE
7303,Joanna Martinez,Female,92,10,60,3,High,88,2.5,TRUE
9220,Penny Hopkins,Female,70,12,86,1,High,80,2.8,FALSE
2854,Justin Foster,Female,90,,,2,Medium,72,0.4,TRUE
5017,Jennifer Morgan,Female,90,12,86,2,Low,80,4.5,TRUE
8681,Dalton Chen,Female,82,17,86,1,Medium,90,4.8,FALSE
3744,Mrs. Amy Carney MD,Male,91,18,86,2,High,78,2.9,TRUE
5780,Melissa Wang,Male,88,17,85,0,Low,87,4.3,FALSE
,Chelsea Porter,Female,88,,78,2,Low,68,4.6,TRUE
8317,Cameron Bender,Female,78,,90,1,High,72,4.3,TRUE
,Vanessa Hall,Male,85,8,60,3,Low,78,3.6,TRUE
6653,Daniel Solomon,Male,88,20,78,,Medium,62,2.4,TRUE
7222,Deanna Jones,Female,85,18,65,2,Medium,80,1.4,FALSE
6172,Alicia Young,,90,12,88,0,Low,85,1.7,TRUE
5183,Peter Figueroa,Female,85,25,86,3,Low,90,3.4,FALSE
9972,Jacob Thompson,Male,85,20,78,0,High,72,0.5,FALSE
4594,Jonathon Woodward,Female,88,25,78,1,Low,87,0.3,TRUE
2995,Brian Hayes,Male,90,22,65,0,Low,88,4,TRUE
4018,Lisa Carroll,Female,88,17,85,1,Medium,62,3.5,
5216,Cassandra Ryan,Male,90,18,78,0,Medium,90,5,FALSE
3915,Terri Hayden,Female,90,17,90,3,Medium,68,3.2,TRUE
9857,Taylor Burns,Female,92,22,85,1,Low,85,0.5,TRUE
5105,Andrew Jimenez,Female,85,17,65,1,High,62,1.3,FALSE
7411,Wendy King,Male,82,17,77,0,Medium,87,2.7,FALSE
8898,Luis Carter,Male,91,12,88,1,Low,85,2,TRUE
6985,Nicholas Jones,Female,90,17,,3,High,72,0.2,TRUE
5896,Tiffany Sanders,Female,90,30,77,2,Low,78,3.7,TRUE
4163,,Male,91,25,77,0,High,72,3.2,FALSE
1268,Tina Knight,Male,95,15,88,,Medium,87,1.1,FALSE
9791,Brittany Andrews,Male,91,25,85,1,Low,68,2.4,FALSE
1750,William Weber,Male,78,15,65,1,Medium,87,2.3,TRUE
2742,Angela Ortiz,Male,85,22,86,3,High,92,2.1,FALSE
6312,David Meyer,Male,,12,65,1,High,,3,TRUE
,Michelle Aguilar,Female,78,8,65,1,Low,68,2.2,TRUE
3185,Travis Harrell,Male,91,8,65,1,Medium,87,0,TRUE
5648,Craig Mccann,Female,85,10,90,0,Low,85,2.6,TRUE
3859,Scott Edwards,Male,91,10,77,3,High,85,1.7,
4144,Kelly Cohen,Male,82,20,86,1,Low,72,1.1,TRUE
5528,David Diaz,Male,92,20,65,1,Medium,,0.8,TRUE
6966,Joseph Green,Female,92,8,82,1,Low,,0.2,TRUE
9804,Henry Johnson,Male,78,15,77,2,High,87,4.5,FALSE
6340,Keith Wilson,Female,92,30,90,2,Medium,92,0.5,FALSE
4276,Jordan Chase,Female,92,20,77,3,Medium,80,4.5,TRUE
8454,Kayla Solomon,Male,70,30,65,1,Low,92,3.2,TRUE
6503,Hayley Johnson,Male,85,22,78,2,High,87,4.3,FALSE
3804,John Bender,Female,92,18,86,0,Low,88,4.5,TRUE
2416,William Christian,Female,82,17,90,3,Medium,,1.4,FALSE
5041,Michael Willis,Male,95,8,86,3,Low,68,4.6,FALSE
1724,James Simmons,Male,85,12,78,0,Low,62,2.4,TRUE
8412,Christopher Sullivan,,92,,70,1,Low,62,4.7,FALSE
5846,Michelle Santos,Male,90,15,,2,High,78,4.3,TRUE
8452,Michael Walters,Female,78,8,65,1,Low,78,3.5,TRUE
7305,Jason Anderson,Female,82,15,82,0,Medium,88,2.7,TRUE
2326,,Female,85,12,88,1,High,62,1.8,TRUE
6989,James Hoover,Female,78,12,85,2,Low,92,0.7,TRUE
9841,Julie Garza,Male,85,22,90,3,Medium,90,4.5,FALSE
5540,Lisa Williams,,90,30,88,1,Medium,72,2.6,FALSE
9714,Erica Thomas,Female,85,22,88,2,High,78,0.4,TRUE
5724,Calvin Vargas,Male,90,10,82,2,,68,2.5,TRUE
5803,Molly Jones,Female,82,10,77,1,Medium,78,3.7,FALSE
4097,Shannon Hogan,Male,85,,70,,Medium,88,1.7,FALSE
8965,James Fields,Female,85,18,,0,Medium,68,3.9,FALSE
7093,Arthur Johnson,Female,85,10,88,2,Medium,68,3.1,FALSE
3986,Collin Edwards,Male,78,10,90,2,High,90,2.9,FALSE
7056,Kimberly Smith,Male,92,,,1,Medium,68,1.9,TRUE
9743,Mr. Clinton Camacho,Female,90,15,60,1,High,78,4.6,TRUE
9948,Taylor Moyer,,88,17,82,3,,68,4,FALSE
6549,,Male,85,15,,2,High,85,0.1,TRUE
8306,David Jimenez,Female,90,30,78,3,Low,92,2.9,FALSE
4206,Kyle Coleman,Male,90,,77,2,Low,62,1,TRUE
6915,Marvin Cardenas,Female,78,8,88,0,Medium,80,1.4,FALSE
8300,Eddie Robertson,Male,92,17,60,,Medium,68,4,FALSE
,Christopher Diaz,Male,78,25,82,1,Low,90,0.3,FALSE
2449,Christopher Taylor,Male,70,18,60,0,Low,78,3.6,TRUE
4264,Brenda Bell,Male,70,18,70,1,High,85,4.2,FALSE
8593,Ashley Nguyen,Male,85,15,65,2,Medium,78,0.6,FALSE
7834,Michael Bailey,Male,85,25,78,2,Medium,78,5,FALSE
8872,Maria Scott,Female,88,,85,1,Low,88,0.1,TRUE
1958,Katherine Mclaughlin,Male,95,17,65,1,High,80,1.4,
1798,Karen Cruz,Female,88,12,85,2,High,68,3.8,TRUE
9908,Jodi Taylor,Female,95,18,82,1,High,72,2.9,TRUE
3243,Thomas Mcgrath,Female,95,17,60,1,High,87,1.1,TRUE
,Alec Peterson,Male,70,17,85,2,High,80,2.4,FALSE
3277,Kathy Bailey,,91,12,88,0,Low,85,0.1,TRUE
3108,Karen Wolf,Male,92,18,65,3,High,87,2.1,TRUE
2273,Mary Jones,Male,85,8,78,3,High,80,,TRUE
8685,Lisa Houston,Male,88,15,,2,Low,80,3.8,TRUE
4365,Ashley Jordan,Male,78,30,78,2,High,85,4.7,FALSE
3630,Lonnie Williams,Male,82,22,85,2,Low,80,2.6,TRUE
5617,Michael Poole,Male,82,15,85,3,Low,78,1.8,TRUE
8203,David Martinez,Male,78,30,60,0,High,72,-5,FALSE
3025,Eduardo Miller,Female,90,12,65,1,Medium,85,2.8,TRUE
6375,Kristine Williams,Female,,8,82,1,Low,85,3.4,TRUE
7672,,Female,70,25,85,,,90,0.9,FALSE
2723,Audrey Woods,Female,85,12,85,2,High,62,2,TRUE
3764,Lauren Brown,Male,95,25,88,3,Low,62,0.6,FALSE
5563,Stephanie Merritt,Female,70,30,77,3,Medium,78,2.6,FALSE
2770,Rebecca Jones,Male,88,17,77,3,Low,68,0.1,TRUE
2117,Isaiah Arnold,Female,85,10,60,3,Low,90,0.8,TRUE
2253,Andrea Frey,Female,85,25,82,1,Medium,72,1.3,TRUE
1517,Andrew Dudley,Female,90,8,77,1,Medium,78,2.3,TRUE
5965,Kenneth Jones,,85,8,65,2,Low,62,2.4,FALSE
9837,Jane Griffith,Female,85,12,65,2,High,62,1.3,FALSE
6779,Jeff Phillips,Female,95,15,78,3,High,68,4.2,TRUE
6591,Dawn Edwards,Female,90,8,88,1,Medium,90,0.3,TRUE
4844,Paige Campbell,Female,91,20,85,2,High,90,0.8,FALSE
1612,Belinda Kim,Female,70,22,70,0,Medium,80,3.5,TRUE
6185,Christopher Cruz,Female,,8,88,3,High,78,0.5,TRUE
6504,Ruben Steele,Female,82,30,65,3,Medium,90,4.8,FALSE
2234,Bradley Martinez,Male,88,18,78,2,Low,62,4,TRUE
2552,Alison Williams,Female,88,20,86,2,Medium,62,1,TRUE
5945,Scott Ferguson,Female,70,12,88,3,Medium,62,1.3,FALSE
9971,David Brown,Male,85,12,65,3,Medium,92,3.3,FALSE
,Joseph Smith,Female,91,15,70,3,Medium,78,0.7,FALSE
8133,,Female,95,20,90,0,Medium,85,3.2,TRUE
7649,Renee Scott,Male,90,10,90,1,High,85,2.3,FALSE
7914,Aimee Green,Male,92,10,82,0,High,85,3.9,TRUE
1691,Ricky Jenkins,Female,85,15,85,1,Low,85,4.3,FALSE
2479,Kelly Allen MD,Female,78,25,85,3,Low,72,4.7,FALSE
9133,Sean Smith,Male,92,22,85,1,Medium,88,3.7,TRUE
7928,Robert Johnson,Male,78,20,65,3,Medium,78,2,TRUE
9034,Susan Russell,Female,90,30,70,0,,92,4.8,TRUE
6947,Ryan West,Female,95,18,78,3,High,80,3.5,TRUE
5144,,Female,88,30,85,2,High,78,1.9,FALSE
5929,Christina Fitzgerald,Male,92,18,90,0,Medium,90,4.4,FALSE
1555,Susan Roberson,Female,90,17,77,0,Medium,62,4.4,TRUE
5275,Jessica Banks,Male,95,8,86,2,Low,,2.3,TRUE
4010,Jodi Rogers,Female,78,15,60,3,Low,85,1.6,TRUE
3585,Michelle Clay,Male,82,10,86,0,Medium,78,2.4,TRUE
5270,Jacob Bean,Male,91,30,82,3,High,62,1.8,FALSE
4677,Robert Harper,Male,85,12,86,3,High,78,1,TRUE
,Valerie Gibson,Female,91,8,86,2,High,87,4.8,TRUE
1231,Michelle Graham,Female,85,17,85,3,Low,92,1,FALSE
5717,Seth Johnson,Female,70,10,60,3,Low,92,5,TRUE
,John Jones,Male,70,10,78,2,Medium,92,3.1,FALSE
8506,Julia Sanchez,Male,85,17,65,1,Low,62,3.4,FALSE
7935,,Female,90,20,70,1,High,90,4.7,FALSE
1745,Justin Sharp,Male,88,12,86,0,Medium,62,3.4,TRUE
3938,Thomas Yoder,Female,,12,77,1,Medium,68,0.4,FALSE
3323,Christine Mullins,Female,90,30,78,0,Medium,85,3.7,FALSE
5312,Timothy Mcbride,Female,82,30,60,0,Medium,78,3.8,FALSE
1871,Deborah Reyes,Male,78,15,90,0,High,78,1.3,FALSE
8150,Chad Downs,Male,85,15,,1,Low,72,2.4,TRUE
3425,William Hill,Male,95,20,90,2,High,68,,TRUE
1067,Makayla Rhodes,Male,70,20,90,1,Low,87,4.4,FALSE
2998,Clayton Jones,Female,95,,85,1,High,80,0.4,FALSE
8439,Sean Hernandez,Female,91,15,88,1,Low,88,4.8,TRUE
4463,Christine Young,Male,88,30,78,2,Low,88,1.9,FALSE
3916,Brian Hale,Male,70,20,78,3,High,62,3.9,TRUE
2975,Sandra Hart,Female,85,8,82,3,High,90,3.3,TRUE
9021,Christine Curtis,Female,70,17,82,3,Low,62,0.5,FALSE
4053,Tara Johnson,Female,70,20,78,2,Medium,78,3.4,TRUE
9115,Stephanie Snyder,Male,88,17,60,2,Medium,85,0.7,FALSE
5073,Miguel Leblanc,Female,88,22,78,2,High,80,2.6,FALSE
7766,Christina Mcintyre,Male,85,22,82,1,Medium,88,0.4,TRUE
2866,John Weber,Female,78,10,60,1,High,62,4.4,FALSE
8454,Timothy Austin,Female,91,18,88,0,High,68,0.4,FALSE
2742,Jeffrey Sullivan,Female,82,15,78,0,High,80,0.9,FALSE
7637,Michael Noble,Female,88,22,86,1,Low,62,4,TRUE
3213,Christine Shah,Male,92,20,78,3,High,92,2.4,TRUE
8139,Lisa Maynard,Male,90,18,77,0,Medium,62,0.1,TRUE
8295,Lisa Lynch,Female,85,15,77,3,High,92,1.5,TRUE
6469,Angela Warren,Male,90,8,60,1,Low,88,3,FALSE
1606,Mary Benson,Female,70,,70,3,Low,,4.7,TRUE
1994,Yvonne Krueger,Male,70,22,88,2,High,85,4.5,FALSE
2915,Keith Bailey,Female,91,30,77,0,High,68,1.4,FALSE
6633,Barbara Case,Female,92,12,90,3,Low,90,4.6,FALSE
3148,Jamie Torres,Female,70,8,88,1,High,88,1,TRUE
8911,Justin Jacobs,Male,78,25,65,3,Medium,87,4,FALSE
4845,Kevin Reynolds,Male,82,15,,1,Medium,90,3.4,TRUE
2043,Michelle Kelly,Female,70,20,86,3,High,72,1.1,FALSE
6820,Terry Hernandez,Male,82,18,65,2,Low,87,3.5,FALSE
2817,Aaron Duarte,Male,91,22,85,2,High,72,0.5,TRUE
4365,Micheal Perez,Female,78,18,77,2,Medium,87,0.8,FALSE
3257,Troy Bradford,Male,92,17,60,1,High,78,1.7,TRUE
2396,Bobby Wilkinson,Female,95,8,88,3,High,72,2.1,TRUE
8025,Juan Lopez,Female,,17,70,1,High,78,0.7,TRUE
2389,Virginia Medina,Female,,8,65,0,High,,3.8,TRUE
1947,Leah Holmes,Female,70,8,,2,Low,90,4.5,FALSE
9647,Todd Brooks,Male,70,17,90,2,Low,88,3.3,FALSE
7627,Madeline Rush,Male,88,20,78,2,Medium,62,3.6,TRUE
,Ronnie Lee,Female,92,20,70,2,Medium,72,,TRUE
1383,Nicole Frederick,Male,82,22,82,3,Medium,62,4.9,TRUE
7110,Jason Adams,Female,82,30,85,1,Low,87,2.2,TRUE
8424,Mallory Fletcher,Female,92,22,86,2,Low,92,1.8,TRUE
7187,David Cummings,,90,30,70,3,High,90,2.3,FALSE
7751,Kelly Suarez,Male,90,15,60,0,Medium,92,2.2,FALSE
9502,Drew Morse,,88,22,77,0,Medium,78,3.7,TRUE
3364,Lauren Stephens,Male,85,17,65,2,Low,87,3.5,FALSE
1534,Penny Miller,Male,82,30,85,3,Medium,87,0.6,FALSE
1659,Paula Stewart,Male,90,30,82,1,Medium,85,2.4,TRUE
3328,Jonathan Johnson,Female,85,18,82,3,High,78,0,FALSE
2106,Laura Ross,Male,70,17,86,2,Low,78,4.5,FALSE
8786,Brandy Wilson,Male,78,12,77,1,Low,78,0.7,FALSE
2463,Brittany Briggs,Female,70,25,60,1,Low,80,4.8,FALSE
2450,Carl Coleman,Male,85,22,82,2,Low,87,3.2,TRUE
9877,Crystal Chandler,Male,91,12,90,1,Low,80,0.6,TRUE
1310,Elizabeth Nichols,Female,92,25,86,1,High,,3,TRUE
9052,Jesse Barber,Male,95,,65,0,High,72,1.6,TRUE
2878,Julie Jackson,Male,82,10,82,0,High,85,3.8,FALSE
7672,Cindy Morales,Male,85,22,88,0,High,80,1.5,FALSE
3334,,Female,95,18,60,2,High,92,1.2,TRUE
9076,Ashley Franco,Female,90,18,78,1,Medium,72,2,TRUE
7676,Kimberly Calderon,Male,85,18,70,3,Low,87,1.2,TRUE
5990,Lisa Brooks,Female,85,20,70,3,High,90,2.7,TRUE
9806,Destiny Todd,Female,82,17,78,1,Medium,88,1.4,TRUE
1985,Dawn Luna,Female,88,22,,,Medium,92,2.9,FALSE
1745,Jacob Yoder,Male,82,22,85,2,High,62,3.5,FALSE
8077,Martha Moody,Male,91,12,88,1,Low,85,4.9,FALSE
5473,James Torres,Male,95,30,90,1,Low,90,0.1,TRUE
,Joshua Robertson,Female,85,15,65,0,Low,78,3.8,TRUE
2270,Shelly Stuart,Male,85,20,88,0,Low,90,1.9,TRUE
3044,Julie Williams,Female,95,25,77,1,High,80,3.8,FALSE
4137,Tamara Jones,,91,18,90,3,Medium,90,0.2,TRUE
1116,Todd Orozco,Male,70,20,,3,Low,78,0.9,TRUE
2070,Jeffrey Torres,Male,90,10,82,3,High,72,3.6,TRUE
1378,Chad Colon,Female,82,17,78,,Low,80,-5,FALSE
7666,Alan Williams,Female,90,12,77,1,Medium,72,3.8,TRUE
1769,Cameron Austin,Female,,12,77,1,High,62,1,TRUE
4696,Dawn Nguyen,Female,90,25,90,0,Medium,85,0.3,TRUE
1456,Andrea Phillips,Female,70,15,86,1,Medium,92,0.5,FALSE
1891,Robert Bishop,Female,,,85,3,Low,78,3.8,FALSE
3045,Melanie Mckinney,Male,85,15,60,,Low,87,3.9,FALSE
1897,Joseph Ellis,Female,91,8,85,2,Low,80,2.8,FALSE
7581,Jennifer Smith,Male,91,8,90,3,Low,88,0.1,FALSE
8014,Vickie Holloway,Male,95,15,77,2,Medium,88,1,TRUE
2106,Nancy Munoz,Male,91,10,70,2,Medium,62,2.4,FALSE
4046,David Taylor,Male,,15,78,0,Medium,88,2.2,
6098,Amber Gray,Male,78,17,82,3,Medium,85,1.8,TRUE
1939,Christian Barr,Male,82,12,78,0,Medium,92,4.9,TRUE
2120,Kimberly Harrison,,92,17,77,3,Low,90,4.3,FALSE
5909,Mark Fleming,Female,95,10,85,1,High,78,1.1,TRUE
4772,Felicia Carpenter,Female,,25,90,,Low,90,4,TRUE
7558,Rebecca Kelly,Male,85,30,78,2,Medium,80,2.8,FALSE
8215,Aaron Walls,Male,91,30,78,1,High,92,1.4,FALSE
3855,Mark King,Female,82,25,65,3,High,68,4.2,TRUE
3248,James Macdonald,Female,90,30,90,2,Medium,92,1.8,TRUE
9633,Alexander Thompson,Female,90,20,65,0,High,92,2.7,FALSE
6209,Kaitlin Walton,Female,92,,86,3,High,72,1.5,FALSE
5049,Ashley Kaufman,Male,88,10,70,3,Medium,92,3.6,FALSE
2062,Megan Bernard,Male,82,8,70,1,Medium,72,2.3,FALSE
9609,Kelly Harper,Female,85,17,82,3,Medium,88,3.2,TRUE
4325,Daniel White,Female,92,8,90,2,Medium,62,2.9,FALSE
2388,Justin Castro,,90,18,77,2,Medium,92,2.9,FALSE
7981,John Odonnell,Female,85,8,60,,Medium,90,1.4,TRUE
8236,Whitney Tapia,Male,88,20,88,2,,72,2.6,TRUE
5528,Jeff Lawrence,Male,90,20,85,1,High,72,,
5096,Jeremy Shields,Female,88,25,86,0,Low,72,4.6,FALSE
5617,Matthew Davies,Female,70,8,86,1,Medium,72,4.9,FALSE
4728,Christine Hamilton,Male,92,17,90,2,Low,72,3.8,FALSE
6581,Crystal Proctor,Male,95,25,60,0,High,78,2.2,TRUE
,Tracy Kelley,Male,91,10,82,1,Medium,90,1.7,FALSE
7608,Victoria Mcbride,Female,95,22,78,3,High,68,0.8,FALSE
7247,Ellen Cross MD,Male,70,20,70,0,High,78,0.5,FALSE
5991,David Stevens,Male,,20,70,0,High,88,2.4,TRUE
2138,Frank Brown DDS,Female,88,25,90,2,Low,72,0.3,FALSE
,Jenna Price,Male,78,30,60,0,High,87,0.6,FALSE
2126,Deborah Barajas,Female,,10,90,2,Medium,78,0.8,FALSE
4325,Richard Howard Jr.,,88,25,78,0,Medium,87,4.1,TRUE
9615,Anita Dougherty,Female,91,17,77,1,Low,80,3.7,FALSE
6681,Alicia Watson,Female,70,22,65,0,High,68,4.5,FALSE
8501,Deborah Hunter,Female,78,22,85,0,Low,80,1.2,FALSE
9810,Morgan Gilbert,Female,90,25,77,0,Low,87,5,TRUE
9264,Taylor Crawford,Female,70,17,65,2,High,72,0.2,TRUE
8567,Danny Sanchez,Female,95,8,90,0,High,80,1.3,
6359,Cory Rosario DDS,Female,85,17,85,2,Low,92,3.6,TRUE
8713,,Female,78,,78,3,High,68,1.5,FALSE
3759,Kyle Perez,Male,85,18,65,1,Medium,68,1.1,TRUE
8242,Kelly Gibson MD,Male,82,20,60,2,Medium,80,3,FALSE
4305,Angela Garcia,Male,95,25,90,2,High,62,0.1,FALSE
4148,Dylan Vaughan,Male,92,20,65,0,High,62,2.6,FALSE
4105,Kevin Santiago,Male,82,8,60,2,High,92,0.5,TRUE
1245,Terry Rodriguez,Female,95,15,60,3,Medium,92,0.3,FALSE
1719,Chad Mason,Male,92,8,82,3,Medium,87,3.6,TRUE
5127,Jessica Ferguson,Male,91,30,60,0,Medium,68,3.2,FALSE
8899,Andrew Schroeder,,95,,86,3,Medium,62,2.6,TRUE
9248,Jeffrey Garcia,Male,,15,86,,Medium,92,3.7,TRUE
2300,Jason Hood,Male,78,30,77,2,High,68,1.9,TRUE
4900,Sandra Leon,Female,,10,,1,Low,80,2.6,FALSE
1388,Tyler Mccormick,Male,95,30,90,3,Low,80,4.5,TRUE
4644,Megan Murphy,Female,82,30,65,1,Low,80,0.3,TRUE
4153,Charles Vincent,Male,78,,65,2,High,88,2.7,TRUE
4871,Mrs. Cindy Sharp DVM,Male,70,17,82,,Low,92,1.2,TRUE
5966,,Female,91,17,90,2,Medium,87,4.8,FALSE
7188,Sarah Dixon,Male,85,17,60,2,Low,62,3.8,FALSE
1324,Teresa Rodriguez,Female,70,20,82,3,Low,68,2.8,FALSE
7233,Shannon Spencer,Female,88,17,82,0,Low,88,2.4,TRUE
8688,Darlene Tapia,Male,78,25,78,1,Low,90,2.5,FALSE
7113,Ryan Ball,Female,85,18,86,2,Medium,80,5,FALSE
3660,Anita Berger,Male,70,18,88,2,Low,78,3.2,TRUE
7313,Tom Bradley,,92,25,77,1,Medium,80,3.5,TRUE
5281,Melinda Cummings,Female,78,18,90,3,Low,68,0.1,TRUE
7297,Melissa Donaldson,Female,91,20,70,3,Medium,68,4.1,FALSE
9202,Charles Pearson,Female,91,18,60,2,High,,3.9,TRUE
5407,Isaiah Moore,,70,18,78,0,Medium,80,0.5,FALSE
9600,Jonathan Ramirez,,88,8,65,0,Medium,68,3.5,FALSE
3981,Mrs. Melanie Mueller,Male,85,22,90,0,High,80,3.7,TRUE
5249,Ms. Heather Dean,Female,85,22,85,0,High,85,0.4,FALSE
2052,David Malone,Female,85,22,90,1,Medium,87,0,TRUE
1685,Melissa Brown,Male,92,12,78,0,Low,72,4.9,FALSE
8961,Jason Woods,Female,95,22,60,1,Medium,90,5,FALSE
7528,Rachel Diaz,Female,91,15,88,1,High,80,2.3,FALSE
3275,Michael Jones,Male,91,20,70,2,Low,92,1.8,FALSE
9436,Taylor Mcgee,Female,92,15,88,1,Low,90,4.4,FALSE
8279,Christopher Ray,Male,91,17,60,3,High,90,2.1,TRUE
7305,Alyssa Berg MD,Female,91,25,65,,Low,,0.2,TRUE
,Jordan Thornton,Female,78,17,85,1,Low,72,1.2,TRUE
2465,Dr. James Henry DDS,Male,70,15,65,1,Medium,85,1.1,FALSE
3016,James Stevens,Male,82,17,85,1,High,88,3.8,TRUE
6623,Kevin Marquez,Female,70,12,60,3,High,85,0.6,TRUE
2460,Colleen Porter,Female,91,25,85,3,Medium,68,4.3,TRUE
6092,Christian Odom,Male,91,12,90,0,Medium,90,3.9,TRUE
9515,Calvin Macias,Male,90,8,78,2,Medium,90,0.7,TRUE
9189,Kim Fischer,Female,78,22,82,0,Low,80,3,TRUE
5480,Travis Schultz,Female,92,17,82,0,High,90,0.8,TRUE
4687,Bonnie Morris,Male,78,17,60,2,Low,68,5,FALSE
6528,Tiffany Morris,Female,85,30,60,0,High,72,3.6,
9978,Paul Poole,Female,90,10,88,3,High,85,2.3,TRUE
8239,Richard Perez,Female,,10,90,3,Low,92,3.7,FALSE
2670,Bernard Whitaker,Male,70,8,65,1,High,90,4.9,TRUE
2922,Melinda Miller,Female,91,8,65,0,High,80,0.6,FALSE
5959,Christina Gonzales,Male,70,20,77,0,Medium,78,1.8,TRUE
2353,Maria Gray,Male,85,12,90,1,Low,88,4.9,FALSE
2549,Mary Bennett,Male,70,17,60,2,Low,68,0.5,TRUE
7640,Dr. Erik Pineda,Male,70,12,70,2,Medium,87,2.6,TRUE
4399,Sandra Burns,Male,78,22,65,1,Low,78,4,TRUE
3110,Patricia Hunt,Male,78,20,70,2,High,87,4.9,FALSE
6956,Erika Kennedy,Male,70,15,90,2,High,72,4.5,FALSE
3291,Timothy Newman,Female,95,12,88,3,Low,72,1,
4884,Tanya Bowen,Male,92,10,82,3,,88,2.8,FALSE
5544,Rhonda Davenport,Male,91,8,85,2,Medium,85,1.9,FALSE
8472,Cheryl Brown,Male,88,8,65,2,High,87,3.1,TRUE
7097,Angela Bridges,Male,70,10,88,0,Medium,80,4.8,TRUE
5425,Brandon Rasmussen,Male,82,20,70,0,High,90,3.2,FALSE
5476,Ryan Beltran,Male,92,18,78,,Medium,92,1.9,TRUE
3879,Allison Novak,Female,91,17,85,2,Medium,88,4.3,FALSE
,Matthew Winters,Male,78,30,60,0,Medium,72,2.8,FALSE
3090,Kirsten Davis,Female,85,12,,0,High,62,2.8,TRUE
7064,Paige Turner,Male,91,8,77,0,Medium,,4,FALSE
5519,Aimee Christensen,Female,,25,82,2,Medium,62,3.9,TRUE
2256,Jessica Howard,Male,90,10,86,1,High,85,2.8,TRUE
7946,Lisa Zhang,Male,85,17,70,2,Low,87,2,TRUE
1119,Jonathan Daniel,Female,,30,90,2,Low,88,0.2,TRUE
9577,Cheyenne Oliver,Male,78,,88,0,,90,4.8,FALSE
7211,Brianna Henderson,Male,95,20,88,3,Low,87,1.5,FALSE
5337,Mark Sanchez,Male,85,22,60,3,Medium,72,4.1,FALSE
8999,Melissa Nguyen,Male,95,15,86,1,Medium,85,1.8,FALSE
4050,Jeff Carney,,95,15,85,0,Medium,92,0.4,TRUE
7729,Tammy Tanner,Male,,15,65,2,,78,2,FALSE
8017,Donna Robinson,Male,,18,85,1,Low,78,0.8,FALSE
1095,Eric Wilson,Female,92,20,90,2,High,68,2,FALSE
1517,Linda Armstrong,Male,92,17,82,2,Medium,78,2.8,TRUE
6322,Russell Jones,Female,82,8,65,,High,80,0.6,TRUE
4874,Darlene Burton,,95,8,86,1,Medium,78,1.4,TRUE
8027,Faith Johnson,Male,91,10,70,0,High,85,3.8,TRUE
8031,Nathan Miller,Male,85,20,70,3,High,92,5,TRUE
4758,Donna Fowler,Male,78,,78,2,High,68,2.1,TRUE
2489,Whitney Jefferson,Male,70,8,70,2,Low,92,1.1,FALSE
2005,Shane Sanders,Female,85,18,85,2,Medium,85,4.7,FALSE
5046,Felicia Cline,Female,85,10,78,1,High,90,1.1,FALSE
2650,Jennifer Clark,Female,78,18,,1,Medium,85,0.6,TRUE
3134,Miss Carla Coleman MD,Female,95,30,86,2,Low,90,1.2,TRUE
7292,William Nelson,Male,90,10,86,2,High,88,,TRUE
4160,Crystal Brown,Female,90,20,70,3,Medium,85,3.6,TRUE
9741,Erica Miller,Male,85,10,90,0,Low,85,4.5,FALSE
6996,,Female,90,8,85,1,Medium,72,4.7,TRUE
3735,,Female,78,18,78,3,High,,3.7,FALSE
9723,Emily Martin,,78,17,70,,Low,62,2,TRUE
4015,Erica Miller,Male,78,22,90,3,Low,80,4.4,FALSE
9254,Wesley May,Female,88,25,82,2,Low,87,0.9,TRUE
5781,Christopher Atkinson,Male,78,18,65,2,High,92,4.9,TRUE
1022,Blake Martinez,Female,91,30,88,2,Low,72,1.3,FALSE
5831,Joy Henderson,,85,,88,3,Low,85,0.9,TRUE
7258,Mary Ramos,Female,91,12,90,1,High,90,1.3,FALSE
3550,Colleen Sanchez,Female,92,8,88,0,Medium,87,2.5,TRUE
3885,David Cruz,Male,91,17,65,,High,85,0.8,FALSE
4077,Ralph Becker,Male,78,20,60,3,Medium,62,0.5,TRUE
1193,Denise Coleman,Male,70,8,78,2,High,80,0.7,TRUE
5385,,Male,91,15,78,2,Low,90,4.3,TRUE
3281,Samantha Mendoza,Female,91,,65,2,Medium,78,0.8,FALSE
9906,Sean Lyons,Male,,15,85,2,Medium,,2.6,TRUE
1019,Anthony Smith,Male,85,25,60,0,High,90,3.3,FALSE
2841,Deborah Hernandez,Female,78,20,90,2,Medium,90,0.4,TRUE
6906,Kristi Price,Male,85,22,65,0,Medium,72,1.7,FALSE
3461,Alex Douglas,Female,91,18,88,2,Medium,78,3.3,TRUE
1035,Ian Mcdonald,Male,78,30,65,0,Medium,78,4.1,FALSE
5562,David Bauer,Male,90,30,65,0,Medium,90,1.6,FALSE
7782,Steven Hill,Female,78,25,60,0,Low,78,,TRUE
7301,Linda Beasley,Male,91,8,70,3,Low,92,3.5,FALSE
1046,Maria Edwards,Male,85,,70,1,High,87,0.3,FALSE
3283,Megan Hutchinson,Female,85,10,70,0,High,92,4.1,TRUE
2920,Jaime Simon,,70,15,60,1,High,87,3.3,
3591,Thomas Freeman,Male,78,30,65,2,High,87,0.1,TRUE
,Nancy Gibson,Female,78,12,82,1,Medium,90,2.2,TRUE
5698,Holly Leon,Male,78,15,78,3,High,72,,FALSE
8443,Travis Pierce,Female,91,12,82,3,Medium,68,1.4,FALSE
,Nina Fowler,Male,70,22,78,3,Medium,68,4.1,TRUE
8674,Kristen Galloway,Female,95,8,60,0,High,90,3.2,FALSE
2776,Raven Taylor,Male,90,30,86,1,High,92,1.4,TRUE
2070,Samuel Robinson,Male,91,15,82,3,Low,92,3.2,
5410,Christina Johnson,Male,91,22,78,3,,80,0.2,FALSE
1138,Holly Spencer,Female,88,8,70,3,Medium,62,3.6,TRUE
6428,Jessica Davies,Female,82,20,70,0,High,88,4,TRUE
5753,Daniel Sullivan,Male,78,17,85,2,Low,92,4.4,TRUE
3638,Richard Franklin,Female,85,10,88,2,Medium,88,4.3,TRUE
7350,Samantha Klein,Male,92,22,86,2,High,88,3.1,TRUE
1244,Becky Perkins,Male,88,12,85,1,High,78,1.6,
2116,Kimberly Pena,Female,91,30,88,2,High,68,3.6,FALSE
8753,Rebecca Burnett,,85,10,85,3,Medium,80,1.8,FALSE
7701,Anna Martinez,Male,85,30,70,3,Medium,90,0.4,FALSE
,James Garcia,Male,91,15,90,2,High,68,4.3,FALSE
3592,Monica Johnson,Female,90,25,60,1,Low,87,1.7,FALSE
2787,Shannon Porter,Male,78,20,60,0,High,62,1.6,FALSE
,Kenneth Murray,Male,85,20,,1,High,72,0.8,TRUE
4497,Amy Stout,Female,91,,86,0,High,90,3.9,TRUE
1886,,Male,85,8,82,2,Low,68,0.4,FALSE
7636,Joseph Sherman,Male,88,17,60,2,High,85,0.9,TRUE
8021,Maria Walls,Female,88,10,90,1,Medium,,2.4,TRUE
